Workbook

Sheet Products
A1: ProductID | B1: NamaProduk | C1: Kategori | D1: HargaDasar_IDR | E1: Brand
A2: P001 | B2: Keyboard Mecha | C2: Periferal | D2: 450000 | E2: KeyPro
A3: P002 | B3: Mouse Wireless | C3: Periferal | D3: 185000 | E3: SwiftClick
A4: P003 | B4: Headset Gaming | C4: Audio | D4: 520000 | E4: SoundBlaze
A5: P004 | B5: Webcam HD | C5: Video | D5: 310000 | E5: Visionix
A6: P005 | B6: USB-C Hub | C6: Aksesoris | D6: 215000 | E6: Hubster
A7: P006 | B7: Mousepad XXL | C7: Aksesoris | D7: 95000 | E7: PadPro

Sheet Stores
A1: StoreID | B1: NamaToko | C1: Kota
A2: S01 | B2: DigitalOne Cikini | C2: Jakarta
A3: S02 | B3: GadgetMart Tebet | C3: Jakarta
A4: S03 | B4: TeknoHub Depok | C4: Depok
A5: S04 | B5: Electra BSD | C5: Tangerang

Sheet Customers
A1: CustID | B1: Nama | C1: Kota | D1: Tier | E1: Ongkir
A2: C01 | B2: Rama | C2: Jakarta | D2: Gold | E2: =_xll.XLOOKUP(C2,ShippingRates!A:A,ShippingRates!B:B,) -> 15000
A3: C02 | B3: Sinta | C3: Bandung | D3: Silver | E3: =_xll.XLOOKUP(C3,ShippingRates!A:A,ShippingRates!B:B,) -> 20000
A4: C03 | B4: Budi | C4: Surabaya | D4: Bronze | E4: =_xll.XLOOKUP(C4,ShippingRates!A:A,ShippingRates!B:B,) -> 25000
A5: C04 | B5: Nadia | C5: Yogyakarta | D5: Gold | E5: =_xll.XLOOKUP(C5,ShippingRates!A:A,ShippingRates!B:B,) -> 22000
A6: C05 | B6: Tono | C6: Semarang | D6: Silver | E6: =_xll.XLOOKUP(C6,ShippingRates!A:A,ShippingRates!B:B,) -> 24000

Sheet ShippingRates
A1: Kota | B1: Ongkir_IDR
A2: Jakarta | B2: 15000
A3: Bandung | B3: 20000
A4: Surabaya | B4: 25000
A5: Yogyakarta | B5: 22000
A6: Semarang | B6: 24000

Sheet PriceList
A1: StoreID | B1: ProductID | C1: HargaJual_IDR | D1: Criteria
A2: S01 | B2: P001 | C2: 442673 | D2: =A2&B2 -> S01P001
A3: S01 | B3: P002 | C3: 200061 | D3: =A3&B3 -> S01P002
A4: S01 | B4: P003 | C4: 524199 | D4: =A4&B4 -> S01P003
A5: S01 | B5: P004 | C5: 335496 | D5: =A5&B5 -> S01P004
A6: S01 | B6: P005 | C6: 218017 | D6: =A6&B6 -> S01P005
A7: S01 | B7: P006 | C7: 110059 | D7: =A7&B7 -> S01P006
A8: S02 | B8: P001 | C8: 434372 | D8: =A8&B8 -> S02P001
A9: S02 | B9: P002 | C9: 170201 | D9: =A9&B9 -> S02P002
A10: S02 | B10: P003 | C10: 532597 | D10: =A10&B10 -> S02P003
A11: S02 | B11: P004 | C11: 302904 | D11: =A11&B11 -> S02P004
A12: S02 | B12: P005 | C12: 232909 | D12: =A12&B12 -> S02P005
A13: S02 | B13: P006 | C13: 86241 | D13: =A13&B13 -> S02P006
... A25: S04 | B25: P006 | C25: 121595 | D25: =A25&B25 -> S04P006
